ID,Name,Department,Salary
1,Emp1,IT,50001
2,Emp2,IT,50002
3,Emp3,IT,50003
4,Emp4,IT,50004
5,Emp5,IT,50005
6,Emp6,IT,50006
7,Emp7,IT,50007
8,Emp8,IT,50008
9,Emp9,IT,50009
10,Emp10,IT,50010
11,Emp11,IT,50011
12,Emp12,IT,50012
13,Emp13,IT,50013
14,Emp14,IT,50014
15,Emp15,IT,50015
16,Emp16,IT,50016
17,Emp17,IT,50017
18,Emp18,IT,50018
19,Emp19,IT,50019
20,Emp20,IT,50020
21,Emp21,IT,50021
22,Emp22,IT,50022
23,Emp23,IT,50023
24,Emp24,IT,50024
25,Emp25,IT,50025
26,Emp26,IT,50026
27,Emp27,IT,50027
28,Emp28,IT,50028
29,Emp29,IT,50029
30,Emp30,IT,50030
31,Emp31,IT,50031
32,Emp32,IT,50032
33,Emp33,IT,50033
34,Emp34,IT,50034
35,Emp35,IT,50035
36,Emp36,IT,50036
37,Emp37,IT,50037
38,Emp38,IT,50038
39,Emp39,IT,50039
40,Emp40,IT,50040
41,Emp41,IT,50041
42,Emp42,IT,50042
43,Emp43,IT,50043
44,Emp44,IT,50044
45,Emp45,IT,50045
46,Emp46,IT,50046
47,Emp47,IT,50047
48,Emp48,IT,50048
49,Emp49,IT,50049
50,Emp50,IT,50050
51,Emp51,IT,50051
52,Emp52,IT,50052
53,Emp53,IT,50053
54,Emp54,IT,50054
55,Emp55,IT,50055
56,Emp56,IT,50056
57,Emp57,IT,50057
58,Emp58,IT,50058
59,Emp59,IT,50059
60,Emp60,IT,50060
61,Emp61,IT,50061
62,Emp62,IT,50062
63,Emp63,IT,50063
64,Emp64,IT,50064
65,Emp65,IT,50065
66,Emp66,IT,50066
67,Emp67,IT,50067
68,Emp68,IT,50068
69,Emp69,IT,50069
70,Emp70,IT,50070
71,Emp71,IT,50071
72,Emp72,IT,50072
73,Emp73,IT,50073
74,Emp74,IT,50074
75,Emp75,IT,50075
76,Emp76,IT,50076
77,Emp77,IT,50077
78,Emp78,IT,50078
79,Emp79,IT,50079
80,Emp80,IT,50080
81,Emp81,IT,50081
82,Emp82,IT,50082
83,Emp83,IT,50083
84,Emp84,IT,50084
85,Emp85,IT,50085
86,Emp86,IT,50086
87,Emp87,IT,50087
88,Emp88,IT,50088
89,Emp89,IT,50089
90,Emp90,IT,50090
91,Emp91,IT,50091
92,Emp92,IT,50092
93,Emp93,IT,50093
94,Emp94,IT,50094
95,Emp95,IT,50095
96,Emp96,IT,50096
97,Emp97,IT,50097
98,Emp98,IT,50098
99,Emp99,IT,50099
100,Emp100,IT,50100
101,Emp101,IT,50101
102,Emp102,IT,50102
103,Emp103,IT,50103
104,Emp104,IT,50104
105,Emp105,IT,50105
106,Emp106,IT,50106
107,Emp107,IT,50107
108,Emp108,IT,50108
109,Emp109,IT,50109
110,Emp110,IT,50110
111,Emp111,IT,50111
112,Emp112,IT,50112
113,Emp113,IT,50113
114,Emp114,IT,50114
115,Emp115,IT,50115
116,Emp116,IT,50116
117,Emp117,IT,50117
118,Emp118,IT,50118
119,Emp119,IT,50119
120,Emp120,IT,50120
121,Emp121,IT,50121
122,Emp122,IT,50122
123,Emp123,IT,50123
124,Emp124,IT,50124
125,Emp125,IT,50125
126,Emp126,IT,50126
127,Emp127,IT,50127
128,Emp128,IT,50128
129,Emp129,IT,50129
130,Emp130,IT,50130
131,Emp131,IT,50131
132,Emp132,IT,50132
133,Emp133,IT,50133
134,Emp134,IT,50134
135,Emp135,IT,50135
136,Emp136,IT,50136
137,Emp137,IT,50137
138,Emp138,IT,50138
139,Emp139,IT,50139
140,Emp140,IT,50140
141,Emp141,IT,50141
142,Emp142,IT,50142
143,Emp143,IT,50143
144,Emp144,IT,50144
145,Emp145,IT,50145
146,Emp146,IT,50146
147,Emp147,IT,50147
148,Emp148,IT,50148
149,Emp149,IT,50149
150,Emp150,IT,50150
151,Emp151,IT,50151
152,Emp152,IT,50152
153,Emp153,IT,50153
154,Emp154,IT,50154
155,Emp155,IT,50155
156,Emp156,IT,50156
157,Emp157,IT,50157
158,Emp158,IT,50158
159,Emp159,IT,50159
160,Emp160,IT,50160
161,Emp161,IT,50161
162,Emp162,IT,50162
163,Emp163,IT,50163
164,Emp164,IT,50164
165,Emp165,IT,50165
166,Emp166,IT,50166
167,Emp167,IT,50167
168,Emp168,IT,50168
169,Emp169,IT,50169
170,Emp170,IT,50170
171,Emp171,IT,50171
172,Emp172,IT,50172
173,Emp173,IT,50173
174,Emp174,IT,50174
175,Emp175,IT,50175
176,Emp176,IT,50176
177,Emp177,IT,50177
178,Emp178,IT,50178
179,Emp179,IT,50179
180,Emp180,IT,50180
181,Emp181,IT,50181
182,Emp182,IT,50182
183,Emp183,IT,50183
184,Emp184,IT,50184
185,Emp185,IT,50185
186,Emp186,IT,50186
187,Emp187,IT,50187
188,Emp188,IT,50188
189,Emp189,IT,50189
190,Emp190,IT,50190
191,Emp191,IT,50191
192,Emp192,IT,50192
193,Emp193,IT,50193
194,Emp194,IT,50194
195,Emp195,IT,50195
196,Emp196,IT,50196
197,Emp197,IT,50197
198,Emp198,IT,50198
199,Emp199,IT,50199
200,Emp200,IT,50200
201,Emp201,IT,50201
202,Emp202,IT,50202
203,Emp203,IT,50203
204,Emp204,IT,50204
205,Emp205,IT,50205
206,Emp206,IT,50206
207,Emp207,IT,50207
208,Emp208,IT,50208
209,Emp209,IT,50209
210,Emp210,IT,50210
211,Emp211,IT,50211
212,Emp212,IT,50212
213,Emp213,IT,50213
214,Emp214,IT,50214
215,Emp215,IT,50215
216,Emp216,IT,50216
217,Emp217,IT,50217
218,Emp218,IT,50218
219,Emp219,IT,50219
220,Emp220,IT,50220
221,Emp221,IT,50221
222,Emp222,IT,50222
223,Emp223,IT,50223
224,Emp224,IT,50224
225,Emp225,IT,50225
226,Emp226,IT,50226
227,Emp227,IT,50227
228,Emp228,IT,50228
229,Emp229,IT,50229
230,Emp230,IT,50230
231,Emp231,IT,50231
232,Emp232,IT,50232
233,Emp233,IT,50233
234,Emp234,IT,50234
235,Emp235,IT,50235
236,Emp236,IT,50236
237,Emp237,IT,50237
238,Emp238,IT,50238
239,Emp239,IT,50239
240,Emp240,IT,50240
241,Emp241,IT,50241
242,Emp242,IT,50242
243,Emp243,IT,50243
244,Emp244,IT,50244
245,Emp245,IT,50245
246,Emp246,IT,50246
247,Emp247,IT,50247
248,Emp248,IT,50248
249,Emp249,IT,50249
250,Emp250,IT,50250
251,Emp251,IT,50251
252,Emp252,IT,50252
253,Emp253,IT,50253
254,Emp254,IT,50254
255,Emp255,IT,50255
256,Emp256,IT,50256
257,Emp257,IT,50257
258,Emp258,IT,50258
259,Emp259,IT,50259
260,Emp260,IT,50260
261,Emp261,IT,50261
262,Emp262,IT,50262
263,Emp263,IT,50263
264,Emp264,IT,50264
265,Emp265,IT,50265
266,Emp266,IT,50266
267,Emp267,IT,50267
268,Emp268,IT,50268
269,Emp269,IT,50269
270,Emp270,IT,50270
271,Emp271,IT,50271
272,Emp272,IT,50272
273,Emp273,IT,50273
274,Emp274,IT,50274
275,Emp275,IT,50275
276,Emp276,IT,50276
277,Emp277,IT,50277
278,Emp278,IT,50278
279,Emp279,IT,50279
280,Emp280,IT,50280
281,Emp281,IT,50281
282,Emp282,IT,50282
283,Emp283,IT,50283
284,Emp284,IT,50284
285,Emp285,IT,50285
286,Emp286,IT,50286
287,Emp287,IT,50287
288,Emp288,IT,50288
289,Emp289,IT,50289
290,Emp290,IT,50290
291,Emp291,IT,50291
292,Emp292,IT,50292
293,Emp293,IT,50293
294,Emp294,IT,50294
295,Emp295,IT,50295
296,Emp296,IT,50296
297,Emp297,IT,50297
298,Emp298,IT,50298
299,Emp299,IT,50299
300,Emp300,IT,50300
301,Emp301,IT,50301
302,Emp302,IT,50302
303,Emp303,IT,50303
304,Emp304,IT,50304
305,Emp305,IT,50305
306,Emp306,IT,50306
307,Emp307,IT,50307
308,Emp308,IT,50308
309,Emp309,IT,50309
310,Emp310,IT,50310
311,Emp311,IT,50311
312,Emp312,IT,50312
313,Emp313,IT,50313
314,Emp314,IT,50314
315,Emp315,IT,50315
316,Emp316,IT,50316
317,Emp317,IT,50317
318,Emp318,IT,50318
319,Emp319,IT,50319
320,Emp320,IT,50320
321,Emp321,IT,50321
322,Emp322,IT,50322
323,Emp323,IT,50323
324,Emp324,IT,50324
325,Emp325,IT,50325
326,Emp326,IT,50326
327,Emp327,IT,50327
328,Emp328,IT,50328
329,Emp329,IT,50329
330,Emp330,IT,50330
331,Emp331,IT,50331
332,Emp332,IT,50332
333,Emp333,IT,50333
334,Emp334,IT,50334
335,Emp335,IT,50335
336,Emp336,IT,50336
337,Emp337,IT,50337
338,Emp338,IT,50338
339,Emp339,IT,50339
340,Emp340,IT,50340
341,Emp341,IT,50341
342,Emp342,IT,50342
343,Emp343,IT,50343
344,Emp344,IT,50344
345,Emp345,IT,50345
346,Emp346,IT,50346
347,Emp347,IT,50347
348,Emp348,IT,50348
349,Emp349,IT,50349
350,Emp350,IT,50350
351,Emp351,IT,50351
352,Emp352,IT,50352
353,Emp353,IT,50353
354,Emp354,IT,50354
355,Emp355,IT,50355
356,Emp356,IT,50356
357,Emp357,IT,50357
358,Emp358,IT,50358
359,Emp359,IT,50359
360,Emp360,IT,50360
361,Emp361,IT,50361
362,Emp362,IT,50362
363,Emp363,IT,50363
364,Emp364,IT,50364
365,Emp365,IT,50365
366,Emp366,IT,50366
367,Emp367,IT,50367
368,Emp368,IT,50368
369,Emp369,IT,50369
370,Emp370,IT,50370
371,Emp371,IT,50371
372,Emp372,IT,50372
373,Emp373,IT,50373
374,Emp374,IT,50374
375,Emp375,IT,50375
376,Emp376,IT,50376
377,Emp377,IT,50377
378,Emp378,IT,50378
379,Emp379,IT,50379
380,Emp380,IT,50380
381,Emp381,IT,50381
382,Emp382,IT,50382
383,Emp383,IT,50383
384,Emp384,IT,50384
385,Emp385,IT,50385
386,Emp386,IT,50386
387,Emp387,IT,50387
388,Emp388,IT,50388
389,Emp389,IT,50389
390,Emp390,IT,50390
391,Emp391,IT,50391
392,Emp392,IT,50392
393,Emp393,IT,50393
394,Emp394,IT,50394
395,Emp395,IT,50395
396,Emp396,IT,50396
397,Emp397,IT,50397
398,Emp398,IT,50398
399,Emp399,IT,50399
400,Emp400,IT,50400
401,Emp401,IT,50401
402,Emp402,IT,50402
403,Emp403,IT,50403
404,Emp404,IT,50404
405,Emp405,IT,50405
406,Emp406,IT,50406
407,Emp407,IT,50407
408,Emp408,IT,50408
409,Emp409,IT,50409
410,Emp410,IT,50410
411,Emp411,IT,50411
412,Emp412,IT,50412
413,Emp413,IT,50413
414,Emp414,IT,50414
415,Emp415,IT,50415
416,Emp416,IT,50416
417,Emp417,IT,50417
418,Emp418,IT,50418
419,Emp419,IT,50419
420,Emp420,IT,50420
421,Emp421,IT,50421
422,Emp422,IT,50422
423,Emp423,IT,50423
424,Emp424,IT,50424
425,Emp425,IT,50425
426,Emp426,IT,50426
427,Emp427,IT,50427
428,Emp428,IT,50428
429,Emp429,IT,50429
430,Emp430,IT,50430
431,Emp431,IT,50431
432,Emp432,IT,50432
433,Emp433,IT,50433
434,Emp434,IT,50434
435,Emp435,IT,50435
436,Emp436,IT,50436
437,Emp437,IT,50437
438,Emp438,IT,50438
439,Emp439,IT,50439
440,Emp440,IT,50440
441,Emp441,IT,50441
442,Emp442,IT,50442
443,Emp443,IT,50443
444,Emp444,IT,50444
445,Emp445,IT,50445
446,Emp446,IT,50446
447,Emp447,IT,50447
448,Emp448,IT,50448
449,Emp449,IT,50449
450,Emp450,IT,50450
451,Emp451,IT,50451
452,Emp452,IT,50452
453,Emp453,IT,50453
454,Emp454,IT,50454
455,Emp455,IT,50455
456,Emp456,IT,50456
457,Emp457,IT,50457
458,Emp458,IT,50458
459,Emp459,IT,50459
460,Emp460,IT,50460
461,Emp461,IT,50461
462,Emp462,IT,50462
463,Emp463,IT,50463
464,Emp464,IT,50464
465,Emp465,IT,50465
466,Emp466,IT,50466
467,Emp467,IT,50467
468,Emp468,IT,50468
469,Emp469,IT,50469
470,Emp470,IT,50470
471,Emp471,IT,50471
472,Emp472,IT,50472
473,Emp473,IT,50473
474,Emp474,IT,50474
475,Emp475,IT,50475
476,Emp476,IT,50476
477,Emp477,IT,50477
478,Emp478,IT,50478
479,Emp479,IT,50479
480,Emp480,IT,50480
481,Emp481,IT,50481
482,Emp482,IT,50482
483,Emp483,IT,50483
484,Emp484,IT,50484
485,Emp485,IT,50485
486,Emp486,IT,50486
487,Emp487,IT,50487
488,Emp488,IT,50488
489,Emp489,IT,50489
490,Emp490,IT,50490
491,Emp491,IT,50491
492,Emp492,IT,50492
493,Emp493,IT,50493
494,Emp494,IT,50494
495,Emp495,IT,50495
496,Emp496,IT,50496
497,Emp497,IT,50497
498,Emp498,IT,50498
499,Emp499,IT,50499
500,Emp500,IT,50500
501,Emp501,IT,50501
502,Emp502,IT,50502
503,Emp503,IT,50503
504,Emp504,IT,50504
505,Emp505,IT,50505
506,Emp506,IT,50506
507,Emp507,IT,50507
508,Emp508,IT,50508
509,Emp509,IT,50509
510,Emp510,IT,50510
511,Emp511,IT,50511
512,Emp512,IT,50512
513,Emp513,IT,50513
514,Emp514,IT,50514
515,Emp515,IT,50515
516,Emp516,IT,50516
517,Emp517,IT,50517
518,Emp518,IT,50518
519,Emp519,IT,50519
520,Emp520,IT,50520
521,Emp521,IT,50521
522,Emp522,IT,50522
523,Emp523,IT,50523
524,Emp524,IT,50524
525,Emp525,IT,50525
526,Emp526,IT,50526
527,Emp527,IT,50527
528,Emp528,IT,50528
529,Emp529,IT,50529
530,Emp530,IT,50530
531,Emp531,IT,50531
532,Emp532,IT,50532
533,Emp533,IT,50533
534,Emp534,IT,50534
535,Emp535,IT,50535
536,Emp536,IT,50536
537,Emp537,IT,50537
538,Emp538,IT,50538
539,Emp539,IT,50539
540,Emp540,IT,50540
541,Emp541,IT,50541
542,Emp542,IT,50542
543,Emp543,IT,50543
544,Emp544,IT,50544
545,Emp545,IT,50545
546,Emp546,IT,50546
547,Emp547,IT,50547
548,Emp548,IT,50548
549,Emp549,IT,50549
550,Emp550,IT,50550
551,Emp551,IT,50551
552,Emp552,IT,50552
553,Emp553,IT,50553
554,Emp554,IT,50554
555,Emp555,IT,50555
556,Emp556,IT,50556
557,Emp557,IT,50557
558,Emp558,IT,50558
559,Emp559,IT,50559
560,Emp560,IT,50560
561,Emp561,IT,50561
562,Emp562,IT,50562
563,Emp563,IT,50563
564,Emp564,IT,50564
565,Emp565,IT,50565
566,Emp566,IT,50566
567,Emp567,IT,50567
568,Emp568,IT,50568
569,Emp569,IT,50569
570,Emp570,IT,50570
571,Emp571,IT,50571
572,Emp572,IT,50572
573,Emp573,IT,50573
574,Emp574,IT,50574
575,Emp575,IT,50575
576,Emp576,IT,50576
577,Emp577,IT,50577
578,Emp578,IT,50578
579,Emp579,IT,50579
580,Emp580,IT,50580
581,Emp581,IT,50581
582,Emp582,IT,50582
583,Emp583,IT,50583
584,Emp584,IT,50584
585,Emp585,IT,50585
586,Emp586,IT,50586
587,Emp587,IT,50587
588,Emp588,IT,50588
589,Emp589,IT,50589
590,Emp590,IT,50590
591,Emp591,IT,50591
592,Emp592,IT,50592
593,Emp593,IT,50593
594,Emp594,IT,50594
595,Emp595,IT,50595
596,Emp596,IT,50596
597,Emp597,IT,50597
598,Emp598,IT,50598
599,Emp599,IT,50599
600,Emp600,IT,50600
601,Emp601,IT,50601
602,Emp602,IT,50602
603,Emp603,IT,50603
604,Emp604,IT,50604
605,Emp605,IT,50605
606,Emp606,IT,50606
607,Emp607,IT,50607
608,Emp608,IT,50608
609,Emp609,IT,50609
610,Emp610,IT,50610
611,Emp611,IT,50611
612,Emp612,IT,50612
613,Emp613,IT,50613
614,Emp614,IT,50614
615,Emp615,IT,50615
616,Emp616,IT,50616
617,Emp617,IT,50617
618,Emp618,IT,50618
619,Emp619,IT,50619
620,Emp620,IT,50620
621,Emp621,IT,50621
622,Emp622,IT,50622
623,Emp623,IT,50623
624,Emp624,IT,50624
625,Emp625,IT,50625
626,Emp626,IT,50626
627,Emp627,IT,50627
628,Emp628,IT,50628
629,Emp629,IT,50629
630,Emp630,IT,50630
631,Emp631,IT,50631
632,Emp632,IT,50632
633,Emp633,IT,50633
634,Emp634,IT,50634
635,Emp635,IT,50635
636,Emp636,IT,50636
637,Emp637,IT,50637
638,Emp638,IT,50638
639,Emp639,IT,50639
640,Emp640,IT,50640
641,Emp641,IT,50641
642,Emp642,IT,50642
643,Emp643,IT,50643
644,Emp644,IT,50644
645,Emp645,IT,50645
646,Emp646,IT,50646
647,Emp647,IT,50647
648,Emp648,IT,50648
649,Emp649,IT,50649
650,Emp650,IT,50650
651,Emp651,IT,50651
652,Emp652,IT,50652
653,Emp653,IT,50653
654,Emp654,IT,50654
655,Emp655,IT,50655
656,Emp656,IT,50656
657,Emp657,IT,50657
658,Emp658,IT,50658
659,Emp659,IT,50659
660,Emp660,IT,50660
661,Emp661,IT,50661
662,Emp662,IT,50662
663,Emp663,IT,50663
664,Emp664,IT,50664
665,Emp665,IT,50665
666,Emp666,IT,50666
667,Emp667,IT,50667
668,Emp668,IT,50668
669,Emp669,IT,50669
670,Emp670,IT,50670
671,Emp671,IT,50671
672,Emp672,IT,50672
673,Emp673,IT,50673
674,Emp674,IT,50674
675,Emp675,IT,50675
676,Emp676,IT,50676
677,Emp677,IT,50677
678,Emp678,IT,50678
679,Emp679,IT,50679
680,Emp680,IT,50680
681,Emp681,IT,50681
682,Emp682,IT,50682
683,Emp683,IT,50683
684,Emp684,IT,50684
685,Emp685,IT,50685
686,Emp686,IT,50686
687,Emp687,IT,50687
688,Emp688,IT,50688
689,Emp689,IT,50689
690,Emp690,IT,50690
691,Emp691,IT,50691
692,Emp692,IT,50692
693,Emp693,IT,50693
694,Emp694,IT,50694
695,Emp695,IT,50695
696,Emp696,IT,50696
697,Emp697,IT,50697
698,Emp698,IT,50698
699,Emp699,IT,50699
700,Emp700,IT,50700
701,Emp701,IT,50701
702,Emp702,IT,50702
703,Emp703,IT,50703
704,Emp704,IT,50704
705,Emp705,IT,50705
706,Emp706,IT,50706
707,Emp707,IT,50707
708,Emp708,IT,50708
709,Emp709,IT,50709
710,Emp710,IT,50710
711,Emp711,IT,50711
712,Emp712,IT,50712
713,Emp713,IT,50713
714,Emp714,IT,50714
715,Emp715,IT,50715
716,Emp716,IT,50716
717,Emp717,IT,50717
718,Emp718,IT,50718
719,Emp719,IT,50719
720,Emp720,IT,50720
721,Emp721,IT,50721
722,Emp722,IT,50722
723,Emp723,IT,50723
724,Emp724,IT,50724
725,Emp725,IT,50725
726,Emp726,IT,50726
727,Emp727,IT,50727
728,Emp728,IT,50728
729,Emp729,IT,50729
730,Emp730,IT,50730
731,Emp731,IT,50731
732,Emp732,IT,50732
733,Emp733,IT,50733
734,Emp734,IT,50734
735,Emp735,IT,50735
736,Emp736,IT,50736
737,Emp737,IT,50737
738,Emp738,IT,50738
739,Emp739,IT,50739
740,Emp740,IT,50740
741,Emp741,IT,50741
742,Emp742,IT,50742
743,Emp743,IT,50743
744,Emp744,IT,50744
745,Emp745,IT,50745
746,Emp746,IT,50746
747,Emp747,IT,50747
748,Emp748,IT,50748
749,Emp749,IT,50749
750,Emp750,IT,50750
751,Emp751,IT,50751
752,Emp752,IT,50752
753,Emp753,IT,50753
754,Emp754,IT,50754
755,Emp755,IT,50755
756,Emp756,IT,50756
757,Emp757,IT,50757
758,Emp758,IT,50758
759,Emp759,IT,50759
760,Emp760,IT,50760
761,Emp761,IT,50761
762,Emp762,IT,50762
763,Emp763,IT,50763
764,Emp764,IT,50764
765,Emp765,IT,50765
766,Emp766,IT,50766
767,Emp767,IT,50767
768,Emp768,IT,50768
769,Emp769,IT,50769
770,Emp770,IT,50770
771,Emp771,IT,50771
772,Emp772,IT,50772
773,Emp773,IT,50773
774,Emp774,IT,50774
775,Emp775,IT,50775
776,Emp776,IT,50776
777,Emp777,IT,50777
778,Emp778,IT,50778
779,Emp779,IT,50779
780,Emp780,IT,50780
781,Emp781,IT,50781
782,Emp782,IT,50782
783,Emp783,IT,50783
784,Emp784,IT,50784
785,Emp785,IT,50785
786,Emp786,IT,50786
787,Emp787,IT,50787
788,Emp788,IT,50788
789,Emp789,IT,50789
790,Emp790,IT,50790
791,Emp791,IT,50791
792,Emp792,IT,50792
793,Emp793,IT,50793
794,Emp794,IT,50794
795,Emp795,IT,50795
796,Emp796,IT,50796
797,Emp797,IT,50797
798,Emp798,IT,50798
799,Emp799,IT,50799
800,Emp800,IT,50800
801,Emp801,IT,50801
802,Emp802,IT,50802
803,Emp803,IT,50803
804,Emp804,IT,50804
805,Emp805,IT,50805
806,Emp806,IT,50806
807,Emp807,IT,50807
808,Emp808,IT,50808
809,Emp809,IT,50809
810,Emp810,IT,50810
811,Emp811,IT,50811
812,Emp812,IT,50812
813,Emp813,IT,50813
814,Emp814,IT,50814
815,Emp815,IT,50815
816,Emp816,IT,50816
817,Emp817,IT,50817
818,Emp818,IT,50818
819,Emp819,IT,50819
820,Emp820,IT,50820
821,Emp821,IT,50821
822,Emp822,IT,50822
823,Emp823,IT,50823
824,Emp824,IT,50824
825,Emp825,IT,50825
826,Emp826,IT,50826
827,Emp827,IT,50827
828,Emp828,IT,50828
829,Emp829,IT,50829
830,Emp830,IT,50830
831,Emp831,IT,50831
832,Emp832,IT,50832
833,Emp833,IT,50833
834,Emp834,IT,50834
835,Emp835,IT,50835
836,Emp836,IT,50836
837,Emp837,IT,50837
838,Emp838,IT,50838
839,Emp839,IT,50839
840,Emp840,IT,50840
841,Emp841,IT,50841
842,Emp842,IT,50842
843,Emp843,IT,50843
844,Emp844,IT,50844
845,Emp845,IT,50845
846,Emp846,IT,50846
847,Emp847,IT,50847
848,Emp848,IT,50848
849,Emp849,IT,50849
850,Emp850,IT,50850
851,Emp851,IT,50851
852,Emp852,IT,50852
853,Emp853,IT,50853
854,Emp854,IT,50854
855,Emp855,IT,50855
856,Emp856,IT,50856
857,Emp857,IT,50857
858,Emp858,IT,50858
859,Emp859,IT,50859
860,Emp860,IT,50860
861,Emp861,IT,50861
862,Emp862,IT,50862
863,Emp863,IT,50863
864,Emp864,IT,50864
865,Emp865,IT,50865
866,Emp866,IT,50866
867,Emp867,IT,50867
868,Emp868,IT,50868
869,Emp869,IT,50869
870,Emp870,IT,50870
871,Emp871,IT,50871
872,Emp872,IT,50872
873,Emp873,IT,50873
874,Emp874,IT,50874
875,Emp875,IT,50875
876,Emp876,IT,50876
877,Emp877,IT,50877
878,Emp878,IT,50878
879,Emp879,IT,50879
880,Emp880,IT,50880
881,Emp881,IT,50881
882,Emp882,IT,50882
883,Emp883,IT,50883
884,Emp884,IT,50884
885,Emp885,IT,50885
886,Emp886,IT,50886
887,Emp887,IT,50887
888,Emp888,IT,50888
889,Emp889,IT,50889
890,Emp890,IT,50890
891,Emp891,IT,50891
892,Emp892,IT,50892
893,Emp893,IT,50893
894,Emp894,IT,50894
895,Emp895,IT,50895
896,Emp896,IT,50896
897,Emp897,IT,50897
898,Emp898,IT,50898
899,Emp899,IT,50899
900,Emp900,IT,50900
901,Emp901,IT,50901
902,Emp902,IT,50902
903,Emp903,IT,50903
904,Emp904,IT,50904
905,Emp905,IT,50905
906,Emp906,IT,50906
907,Emp907,IT,50907
908,Emp908,IT,50908
909,Emp909,IT,50909
910,Emp910,IT,50910
911,Emp911,IT,50911
912,Emp912,IT,50912
913,Emp913,IT,50913
914,Emp914,IT,50914
915,Emp915,IT,50915
916,Emp916,IT,50916
917,Emp917,IT,50917
918,Emp918,IT,50918
919,Emp919,IT,50919
920,Emp920,IT,50920
921,Emp921,IT,50921
922,Emp922,IT,50922
923,Emp923,IT,50923
924,Emp924,IT,50924
925,Emp925,IT,50925
926,Emp926,IT,50926
927,Emp927,IT,50927
928,Emp928,IT,50928
929,Emp929,IT,50929
930,Emp930,IT,50930
931,Emp931,IT,50931
932,Emp932,IT,50932
933,Emp933,IT,50933
934,Emp934,IT,50934
935,Emp935,IT,50935
936,Emp936,IT,50936
937,Emp937,IT,50937
938,Emp938,IT,50938
939,Emp939,IT,50939
940,Emp940,IT,50940
941,Emp941,IT,50941
942,Emp942,IT,50942
943,Emp943,IT,50943
944,Emp944,IT,50944
945,Emp945,IT,50945
946,Emp946,IT,50946
947,Emp947,IT,50947
948,Emp948,IT,50948
949,Emp949,IT,50949
950,Emp950,IT,50950
951,Emp951,IT,50951
952,Emp952,IT,50952
953,Emp953,IT,50953
954,Emp954,IT,50954
955,Emp955,IT,50955
956,Emp956,IT,50956
957,Emp957,IT,50957
958,Emp958,IT,50958
959,Emp959,IT,50959
960,Emp960,IT,50960
961,Emp961,IT,50961
962,Emp962,IT,50962
963,Emp963,IT,50963
964,Emp964,IT,50964
965,Emp965,IT,50965
966,Emp966,IT,50966
967,Emp967,IT,50967
968,Emp968,IT,50968
969,Emp969,IT,50969
970,Emp970,IT,50970
971,Emp971,IT,50971
972,Emp972,IT,50972
973,Emp973,IT,50973
974,Emp974,IT,50974
975,Emp975,IT,50975
976,Emp976,IT,50976
977,Emp977,IT,50977
978,Emp978,IT,50978
979,Emp979,IT,50979
980,Emp980,IT,50980
981,Emp981,IT,50981
982,Emp982,IT,50982
983,Emp983,IT,50983
984,Emp984,IT,50984
985,Emp985,IT,50985
986,Emp986,IT,50986
987,Emp987,IT,50987
988,Emp988,IT,50988
989,Emp989,IT,50989
990,Emp990,IT,50990
991,Emp991,IT,50991
992,Emp992,IT,50992
993,Emp993,IT,50993
994,Emp994,IT,50994
995,Emp995,IT,50995
996,Emp996,IT,50996
997,Emp997,IT,50997
998,Emp998,IT,50998
999,Emp999,IT,50999
1000,Emp1000,IT,51000
